Metric,Portfolio,S&P 500 Benchmark
Average Return,0.0006216779844575632,0.0003783898830947405
Volatility,0.015326005628212241,0.013074668952869257
Value at Risk (95%),-0.024221552967946123,-0.01955425397710285
